transition_id,site_family,acid_form_label,base_form_label,acid_charge_relative_to_neutral,base_charge_relative_to_neutral,measurement_kind,reference_pka,reference_uncertainty,solvent,temperature_K,ionic_strength_M,allowed_protonation_atom_rule,tautomer_or_microstate_populations,source_citation,enable,notes,support_decision,pka_input_mode,reference_pka_low,reference_pka_high,conditions_status,applicability_domain,counterion_policy,research_requested,user_notes,submission_status,activation_readiness,missing_for_activation,updated_at
123triazole_cation_to_neutral,123triazole_basicity,123triazolium,123triazole,+1,0,unknown,1.2,1,water,298.15,,all symmetry-inequivalent pyridine-like ring N,,,false,Need aqueous pKaH anchor and which substituted series it applies to,not_needed,exact,,,aqueous_ambient,,,false,,submitted,not_requested,,2026-09-11T02:08:35.835788+00:00
123triazole_neutral_to_anion,123triazole_acidity,123triazole,123triazolate,0,-1,unknown,9.3,,water,298.15,,all N-H tautomers,,,false,Neutral triazole participates in a second independent transition,want_support,exact,,,aqueous_ambient,,,false,,submitted,needs_research_or_metadata,macro/micro identity; source,2026-09-11T02:08:51.758570+00:00
124triazole_cation_to_neutral,124triazole_basicity,124triazolium,124triazole,+1,0,unknown,2.3,,,,,all symmetry-inequivalent pyridine-like ring N,,,false,Need aqueous pKaH anchor,want_support,exact,,,unknown,,,false,,submitted,needs_research_or_metadata,solvent; temperature; macro/micro identity; source,2026-09-11T02:09:07.048814+00:00
124triazole_neutral_to_anion,124triazole_acidity,124triazole,124triazolate,0,-1,unknown,9.8,0.4,,,,all N-H tautomers,,,false,Need neutral N-H acidity anchor,want_support,range,9.4,10.2,unknown,,,false,,submitted,needs_research_or_metadata,solvent; temperature; macro/micro identity; source,2026-09-11T02:09:42.396055+00:00
n_substituted_tetrazole_cation_to_neutral,n_substituted_tetrazole_basicity,n_substituted_tetrazolium,n_substituted_tetrazole,+1,0,unknown,,,,,,all available pyridine-like ring N,,,false,N-substitution removes the neutral-to-anion N-H transition,not_needed,unknown,,,unknown,,,true,,submitted,not_requested,,2026-09-11T02:10:00.981055+00:00
sulfonamide_neutral_to_anion,sulfonamide_acidity,sulfonamide,sulfonamidate,0,-1,unknown,,,,,,each sulfonamide N-H with substitution class recorded,,,false,Can fall inside 0-14; needs separate aryl alkyl heteroaryl and sulfonylurea anchors,not_needed,unknown,,,unknown,,,true,,submitted,not_requested,,2026-09-11T02:10:01.850745+00:00
sulfamide_neutral_to_anion,sulfamide_acidity,sulfamide,sulfamidate,0,-1,unknown,,,,,,each symmetry-inequivalent sulfamide N-H,,,false,Multiple N-H sites may create sequential macroscopic transitions,not_needed,unknown,,,unknown,,,true,,submitted,not_requested,,2026-09-11T02:10:03.959487+00:00
sulfamate_neutral_to_anion,sulfamate_acidity,sulfamate,sulfamate_n_anion,0,-1,unknown,,,,,,sulfamate N-H or O-H explicitly distinguished,,,false,Do not transfer an O-H pKa to N-H or vice versa,not_needed,unknown,,,unknown,,,true,,submitted,not_requested,,2026-09-11T02:10:05.556184+00:00
oxadiazole_cation_to_neutral,oxadiazole_basicity,protonated_oxadiazole,oxadiazole,+1,0,unknown,,,,,,all symmetry-inequivalent ring N,,,false,Enable only if the requested lower pKa boundary includes this weak basicity,not_needed,unknown,,,unknown,,,true,,submitted,not_requested,,2026-09-11T02:05:33.827392+00:00
thiadiazole_cation_to_neutral,thiadiazole_basicity,protonated_thiadiazole,thiadiazole,+1,0,unknown,,,,,,all symmetry-inequivalent ring N,,,false,Need isomer-specific anchors,not_needed,unknown,,,unknown,,,true,,submitted,not_requested,,2026-09-11T02:05:39.181288+00:00
indazole_cation_to_neutral,indazole_basicity,indazolium,indazole,+1,0,unknown,1,,,,,pyridine-like ring N,,,false,Must be distinct from neutral N-H acidity,want_support,exact,,,unknown,,,false,,submitted,needs_research_or_metadata,solvent; temperature; macro/micro identity; source,2026-09-11T02:06:13.743015+00:00
indazole_neutral_to_anion,indazole_acidity,indazole,indazolate,0,-1,unknown,13.9,,,,,all N-H tautomers,,,false,Second amphoteric transition,want_support,exact,,,unknown,,,false,,submitted,needs_research_or_metadata,solvent; temperature; macro/micro identity; source,2026-09-11T02:06:27.705894+00:00
indole_neutral_to_anion,indole_acidity,indole,indolide,0,-1,unknown,,,,,,pyrrolic N-H,,,false,Normally outside the aqueous 0-14 active range,not_needed,unknown,,,unknown,,,true,,submitted,not_requested,,2026-09-11T02:06:47.002445+00:00
amide_neutral_to_anion,amide_nh_acidity,amide_NH,amidate,0,-1,unknown,,,,,,amide N-H,,,false,Normally outside the aqueous 0-14 active range,not_needed,unknown,,,unknown,,,true,,submitted,not_requested,,2026-09-11T02:06:53.002703+00:00
ketone_neutral_to_enolate,carbonyl_alpha_acidity,ketone,enolate,0,-1,unknown,,,,,,each enolizable alpha carbon,,,false,This is alpha-C-H acidity and not carbonyl-O protonation,not_needed,unknown,,,unknown,,,true,,submitted,not_requested,,2026-09-11T02:07:00.556426+00:00
protonated_ketone_to_neutral,carbonyl_oxygen_basicity,protonated_ketone,ketone,+1,0,unknown,,,,,,carbonyl oxygen,,,false,Strong-acid transition distinct from enolate formation,not_needed,unknown,,,unknown,,,true,,submitted,not_requested,,2026-09-11T02:07:22.237469+00:00
nitrile_cation_to_neutral,nitrile_basicity,protonated_nitrile,nitrile,+1,0,unknown,,,,,,nitrile nitrogen,,,false,Strong-acid transition,not_needed,unknown,,,unknown,,,true,,submitted,not_requested,,2026-09-11T02:07:25.514865+00:00
