transition_id,site_family,acid_form_label,base_form_label,acid_charge_relative_to_neutral,base_charge_relative_to_neutral,measurement_kind,reference_pka,reference_uncertainty,solvent,temperature_K,ionic_strength_M,allowed_protonation_atom_rule,tautomer_or_microstate_populations,source_citation,enable,notes
aziridinium_to_aziridine,aziridine,aziridinium,aziridine,+1,0,macro,8.04,0.5,water,298.15,,three-membered-ring nitrogen,,Perrin DD Dissociation Constants of Organic Bases in Aqueous Solutions (1965); PubChem CID 9033,true,2,2-dimethylaziridine 8.28 is a predicted value and is not used as experimental truth
pyrazole_cation_to_neutral,pyrazole_basicity,pyrazolium,pyrazole,+1,0,macro,2.49,0.3,water,298.15,,pyridine-like ring N,,DOI:10.1016/0022-1902(70)80501-2,true,Separate pKaH edge; never interchangeable with N-H acidity
pyrazole_neutral_to_anion,pyrazole_acidity,pyrazole,pyrazolate,0,-1,macro,14.21,0.5,water,298.15,,all N-H tautomers,,DOI:10.1016/0040-4020(67)85151-2,true,Substitution can lower this edge substantially so untyped measurements remain reviewable
imidazole_cation_to_neutral,imidazole_basicity,imidazolium,imidazole,+1,0,macro,7.0,0.3,water,298.15,,pyridine-like ring N,,DOI:10.1016/0039-9140(86)80225-9,true,Separate pKaH edge; never interchangeable with N-H acidity
imidazole_neutral_to_anion,imidazole_acidity,imidazole,imidazolate,0,-1,macro,14.2,0.5,water,298.15,,all N-H tautomers,,DOI:10.1016/0040-4020(67)85151-2,true,High-range parent anchor; substituted mercaptoimidazoles may be appreciably more acidic
123triazole_cation_to_neutral,123triazole_basicity,123triazolium,123triazole,+1,0,macro,,,,,,all symmetry-inequivalent pyridine-like ring N,,,false,Need aqueous pKaH anchor and which substituted series it applies to
123triazole_neutral_to_anion,123triazole_acidity,123triazole,123triazolate,0,-1,macro,9.3,0.3,water,298.15,,all N-H tautomers,,DOI:10.1021/ja00221a001,true,User-approved aqueous ambient transition
124triazole_cation_to_neutral,124triazole_basicity,124triazolium,124triazole,+1,0,macro,2.3,0.3,water,298.15,,all symmetry-inequivalent pyridine-like ring N,,DOI:10.1021/acs.analchem.4c03596,true,User-approved aqueous ambient transition
124triazole_neutral_to_anion,124triazole_acidity,124triazole,124triazolate,0,-1,macro,9.8,0.4,water,298.15,,all N-H tautomers,,DOI:10.1021/ja00221a001,true,User range 9.4-10.2 represented by midpoint and half-width
n_substituted_tetrazole_cation_to_neutral,n_substituted_tetrazole_basicity,n_substituted_tetrazolium,n_substituted_tetrazole,+1,0,macro,,,,,,all available pyridine-like ring N,,,false,N-substitution removes the neutral-to-anion N-H transition
sulfonamide_neutral_to_anion,sulfonamide_acidity,sulfonamide,sulfonamidate,0,-1,macro,,,,,,each sulfonamide N-H with substitution class recorded,,,false,Can fall inside 0-14; needs separate aryl alkyl heteroaryl and sulfonylurea anchors
sulfamide_neutral_to_anion,sulfamide_acidity,sulfamide,sulfamidate,0,-1,macro,,,,,,each symmetry-inequivalent sulfamide N-H,,,false,Multiple N-H sites may create sequential macroscopic transitions
sulfamate_neutral_to_anion,sulfamate_acidity,sulfamate,sulfamate_n_anion,0,-1,macro,,,,,,sulfamate N-H or O-H explicitly distinguished,,,false,Do not transfer an O-H pKa to N-H or vice versa
oxadiazole_cation_to_neutral,oxadiazole_basicity,protonated_oxadiazole,oxadiazole,+1,0,macro,,,,,,all symmetry-inequivalent ring N,,,false,Enable only if the requested lower pKa boundary includes this weak basicity
thiadiazole_cation_to_neutral,thiadiazole_basicity,protonated_thiadiazole,thiadiazole,+1,0,macro,,,,,,all symmetry-inequivalent ring N,,,false,Need isomer-specific anchors
indazole_cation_to_neutral,indazole_basicity,indazolium,indazole,+1,0,macro,1.0,0.3,water,298.15,,pyridine-like ring N,,DOI:10.1021/j100092a035,true,User-approved pKaH distinct from neutral N-H acidity
indazole_neutral_to_anion,indazole_acidity,indazole,indazolate,0,-1,macro,13.9,0.3,water,298.15,,all N-H tautomers,,DOI:10.1021/j100092a035,true,User-approved aqueous ambient transition
indole_neutral_to_anion,indole_acidity,indole,indolide,0,-1,macro,,,,,,pyrrolic N-H,,,false,Normally outside the aqueous 0-14 active range
amide_neutral_to_anion,amide_nh_acidity,amide_NH,amidate,0,-1,macro,,,,,,amide N-H,,,false,Normally outside the aqueous 0-14 active range
ketone_neutral_to_enolate,carbonyl_alpha_acidity,ketone,enolate,0,-1,macro,,,,,,each enolizable alpha carbon,,,false,This is alpha-C-H acidity and not carbonyl-O protonation
protonated_ketone_to_neutral,carbonyl_oxygen_basicity,protonated_ketone,ketone,+1,0,macro,,,,,,carbonyl oxygen,,,false,Strong-acid transition distinct from enolate formation
nitrile_cation_to_neutral,nitrile_basicity,protonated_nitrile,nitrile,+1,0,macro,,,,,,nitrile nitrogen,,,false,Strong-acid transition
