review_id,source_file,record_index,pka_value,molecule_id,site_id,original_smiles,review_decision,replacement_smiles,replacement_transition_mode,review_note,reviewed_at
pka_structure_eff51747a306adb8fd31,literature_compilation.sdf,462,2.67,mol_9a4fb983f14c4a88,site_1,C[NH+](C)c1ccc(C(F)(F)F)cc1,correct_transition_definition,,basic_protonation,,2026-09-08T04:59:38.872580+00:00
pka_structure_65537f3c1024abd26c88,FIXED_chembl26.sdf,5006,8.85,mol_0a5cf1bc6cff990e,site_1,O=C(O)c1coc2ccccc2c1=O,exclude_measurement_structure_pair,,,,2026-09-08T04:59:54.599161+00:00
pka_structure_763ee9b7b1fc6568bdfa,FIXED_chembl26.sdf,7385,11.6,mol_3019655eb6954862,site_1,c1ccc(CSc2ncc[nH]2)cc1,replace_input_smiles,c1ccc(CSc2ncc[nH]2)cc1,,,2026-09-08T05:00:23.125169+00:00
pka_structure_4412749343f18db649bb,experimental_training_datasets.sdf,4112,9.17,mol_15a97f233ff47728,site_1,Cn1/c(=[NH+]/N)ccc2ccccc21,replace_input_smiles,Cn1/c(=[NH+]/N)ccc2ccccc21,,,2026-09-08T05:00:52.893968+00:00
pka_structure_3ac2d2b26930f2817853,FIXED_chembl26.sdf,5719,8.8,mol_02c73f09cd0bba13,site_1,NS(=O)(=O)c1cc2c(s1)S(=O)(=O)CCN2,replace_input_smiles,NS(=O)(=O)c1cc2c(s1)S(=O)(=O)CCN2,,,2026-09-08T05:01:13.494696+00:00
pka_structure_61535c03469de8816cbd,experimental_training_datasets.sdf,906,5.37,mol_a7d0ac39fb3fca22,site_1,CC1(C)CN1,replace_input_smiles,CC1(C)C[NH2+]1,,,2026-09-08T05:01:28.003398+00:00
pka_structure_576afa3c3edce82f2222,FIXED_chembl26.sdf,5723,8.29,mol_6dcf9f26d4ff8779,site_1,NS(=O)(=O)c1cc2c(s1)S(=O)(=O)C1(CC1)CN2,replace_input_smiles,NS(=O)(=O)c1cc2c(s1)S(=O)(=O)C1(CC1)CN2,,,2026-09-08T05:01:47.102201+00:00
pka_structure_61de91903dfe8ced6588,experimental_training_datasets.sdf,2892,5.33,mol_c38f7191ef0ce5e6,site_1,C[C@@H]1N[C@H]1C,exclude_measurement_structure_pair,,,,2026-09-08T05:02:02.549293+00:00
pka_structure_3889490ca09a69a2dd0f,FIXED_chembl26.sdf,3619,10.21,mol_4fa7de299be3b5f6,site_2,FC(F)(F)c1cnc(-c2cccnc2)[nH]1,replace_input_smiles,FC(F)(F)c1cnc(-c2cccnc2)[nH]1,,,2026-09-08T05:02:14.327189+00:00
pka_structure_8f26ac361142ea2d49e6,experimental_training_datasets.sdf,2891,5.34,mol_4b2ecddad62a7831,site_1,C[C@@H]1N[C@@H]1C,exclude_measurement_structure_pair,,,,2026-09-08T05:02:25.735373+00:00
pka_structure_48051842631db006b60b,experimental_training_datasets.sdf,2182,7.8,mol_3f653426b6955ace,site_1,CNc1nnc(S(N)(=O)=O)s1,replace_input_smiles,CNc1nnc(S(N)(=O)=O)s1,,,2026-09-08T05:02:32.196652+00:00
pka_structure_885581743814542bac47,FIXED_chembl26.sdf,1654,7.56,mol_c4987c954d8b8438,site_1,O=C(O)/C(O)=C/C(=O)c1cc(C2CCCCC2)ccc1C1CCCCC1,exclude_measurement_structure_pair,,,,2026-09-08T05:03:06.113611+00:00
pka_structure_b7e6fac6956f04e14d5e,FIXED_chembl26.sdf,3617,9.73,mol_c18ede5942605c29,site_2,FC(F)(F)c1cnc(-c2ccncc2)[nH]1,replace_input_smiles,FC(F)(F)c1cnc(-c2ccncc2)[nH]1,,,2026-09-08T05:03:17.751863+00:00
pka_structure_19d68d40466ac7aa3701,experimental_training_datasets.sdf,4755,7.69,mol_4c74db673759c45e,site_1,Nc1nnc(S(N)(=O)=O)s1,replace_input_smiles,Nc1nnc(S(N)(=O)=O)s1,,,2026-09-08T05:03:31.395067+00:00
pka_structure_93353491df47e8790ec0,FIXED_chembl26.sdf,7387,9.8,mol_923f857faeb88412,site_1,[O-][S+](Cc1ccccc1)c1ncc[nH]1,replace_input_smiles,[O-][S+](Cc1ccccc1)c1ncc[nH]1,,,2026-09-08T05:03:46.126237+00:00
pka_structure_1b75fe4acc7ba692a34e,FIXED_chembl26.sdf,3628,9.2,mol_37e5945170c2c651,site_1,O=[N+]([O-])c1c[nH]cn1,replace_input_smiles,O=[N+]([O-])c1c[nH]cn1,,,2026-09-08T05:03:52.039641+00:00
pka_structure_e7d1e08599f38a2ec31d,experimental_training_datasets.sdf,1151,5.69,mol_0b18bd0cb18363c9,site_1,CCC1CN1,exclude_measurement_structure_pair,,,,2026-09-08T05:03:55.559779+00:00
pka_structure_1573ae3ffb93d3075e9a,FIXED_chembl26.sdf,3627,9.0,mol_37e5945170c2c651,site_1,O=[N+]([O-])c1c[nH]cn1,replace_input_smiles,O=[N+]([O-])c1c[nH]cn1,,,2026-09-08T05:04:02.233533+00:00
pka_structure_3667e1ab40a94cc399ce,experimental_training_datasets.sdf,146,6.05,mol_1ee8af18239f55ad,site_1,C1CN1,exclude_measurement_structure_pair,,,,2026-09-08T05:04:05.623034+00:00
pka_structure_0aec78de18431e36fc31,FIXED_chembl26.sdf,6494,8.65,mol_ae8e568d71371ca3,site_1,O=c1c2ccccc2n(CCCCl)c2ccc(Cl)cc12,replace_input_smiles,O=c1c2ccccc2n(CCCCl)c2ccc(Cl)cc12,,,2026-09-08T05:04:11.646319+00:00
pka_structure_d4c68b5e8d976548fb9b,FIXED_chembl26.sdf,6486,8.85,mol_8b0dcf107d655551,site_1,O=c1c2ccccc2n(CCCCCl)c2ccc(Cl)cc12,replace_input_smiles,O=c1c2ccccc2n(CCCCCl)c2ccc(Cl)cc12,,,2026-09-08T05:04:17.054103+00:00
pka_structure_d3f00aaf38f4592fbbb2,experimental_training_datasets.sdf,1294,7.5,mol_90d2982fb3e86d35,site_1,CCCCCCCCc1c(-c2ccccc2)[nH]n(-c2ccccc2)c1=O,replace_input_smiles,CCCCCCCCc1c(-c2ccccc2)[nH]n(-c2ccccc2)c1=O,,,2026-09-08T05:04:24.061001+00:00
