source_file,record_index,smiles,pka_value,pka_source_method,pka_type_canonical,atom_index_raw,review_id,review_decision,reviewed_site_label,reviewed_site_atom_indices_json,review_note,reviewed_at,model_abs_error,model_prediction,review_model_sha256,superseded_at,superseded_reason,replacement_detector_schema_version
FIXED_chembl26.sdf,3336,NCCCOP(=O)(O)NCCCl,1.6,experimental,,,outlier_77158a951a7fcf1ab8c4,exclude_wrong_site_unknown,,[],,2026-09-04T05:04:38.039728+00:00,6.692532359268059,8.292532359268058,06fa8292818d5cbfecebc0565d68b0853f6dd08177079454d347044a92869f4a,2026-09-04T05:40:48.163720+00:00,new_phosphorus_or_alcohol_conjugate_pair_detected,2.0.0
FIXED_chembl26.sdf,5585,O[C@H](CNC[C@@H](O)[C@H]1CCc2cc(F)ccc2O1)[C@@H]1CCc2cc(F)ccc2O1,13.98,experimental,,,outlier_344fc437873fcf650a90,unsupported_site,ether,"[7,16,17]",,2026-09-04T05:05:10.194623+00:00,6.499599727594523,7.480400272405477,06fa8292818d5cbfecebc0565d68b0853f6dd08177079454d347044a92869f4a,2026-09-04T05:40:48.163720+00:00,new_phosphorus_or_alcohol_conjugate_pair_detected,2.0.0
FIXED_chembl26.sdf,3343,O=P(O)(NCCCl)OCCCNCCCl,1.6,experimental,,,outlier_6862a41ae2fb8d57d4b6,exclude_wrong_site_unknown,,[],,2026-09-04T05:05:40.470443+00:00,5.907037689919784,7.507037689919784,06fa8292818d5cbfecebc0565d68b0853f6dd08177079454d347044a92869f4a,2026-09-04T05:40:48.163720+00:00,new_phosphorus_or_alcohol_conjugate_pair_detected,2.0.0
FIXED_chembl26.sdf,1995,Cn1ccnc1[N+](=O)[O-],-0.48,experimental,,,outlier_630654f5c1590b1c3e7a,reassign_site,aniline,"[5,6]",,2026-09-04T05:06:13.739213+00:00,5.4990212762564425,5.4990212762564425,06fa8292818d5cbfecebc0565d68b0853f6dd08177079454d347044a92869f4a,2026-09-04T05:40:48.163720+00:00,reviewed_exact_site_no_longer_exists_after_false_nitro_amine_fix,2.0.0
FIXED_chembl26.sdf,1996,Cn1ccnc1[N+](=O)[O-],0.48,experimental,,,outlier_bc53a59e43d08844a23b,reassign_site,aniline,"[5,6]",,2026-09-04T05:06:16.111463+00:00,5.4990212762564425,5.4990212762564425,06fa8292818d5cbfecebc0565d68b0853f6dd08177079454d347044a92869f4a,2026-09-04T05:40:48.163720+00:00,reviewed_exact_site_no_longer_exists_after_false_nitro_amine_fix,2.0.0
FIXED_chembl26.sdf,947,CS(=O)(=O)c1ccc([C@@H](CC2CCCC2)C(=O)Nc2cnc([C@H](O)CO)cn2)cc1Cl,11.42,experimental,,,outlier_df40011db2965144509d,unsupported_site,primary_alcohol,"[24,25]",,2026-09-04T05:06:26.525228+00:00,5.308316948712397,6.111683051287603,06fa8292818d5cbfecebc0565d68b0853f6dd08177079454d347044a92869f4a,2026-09-04T05:40:48.163720+00:00,new_phosphorus_or_alcohol_conjugate_pair_detected,2.0.0
experimental_training_datasets.sdf,2818,CS(=O)(=O)c1ccc([C@@H](CC2CCCC2)C(=O)Nc2cnc([C@H]([OH2+])CO)cn2)cc1Cl,11.42,experimental,,,outlier_89d085f7964cfa33cc9d,exclude_wrong_site_unknown,,[],,2026-09-04T05:06:31.213308+00:00,5.308316948712397,6.111683051287603,06fa8292818d5cbfecebc0565d68b0853f6dd08177079454d347044a92869f4a,2026-09-04T05:40:48.163720+00:00,new_phosphorus_or_alcohol_conjugate_pair_detected,2.0.0
literature_compilation.sdf,60,O=C1Nc2ccccc2C(c2ccccc2)=NC1O,1.7,experimental,,,outlier_016a91bad6d9ddb5505b,exclude_wrong_site_unknown,,[],,2026-09-04T05:06:48.681328+00:00,5.141145897612527,6.841145897612528,06fa8292818d5cbfecebc0565d68b0853f6dd08177079454d347044a92869f4a,2026-09-04T05:40:48.163720+00:00,new_phosphorus_or_alcohol_conjugate_pair_detected,2.0.0
FIXED_chembl26.sdf,3342,NP(=O)(O)OCCCNCCCl,2.3,experimental,,,outlier_62964e39db34a269dbb0,exclude_wrong_site_unknown,,[],,2026-09-04T05:07:31.001128+00:00,4.998315924486756,7.298315924486756,06fa8292818d5cbfecebc0565d68b0853f6dd08177079454d347044a92869f4a,2026-09-04T05:40:48.163720+00:00,new_phosphorus_or_alcohol_conjugate_pair_detected,2.0.0
literature_compilation.sdf,61,CN1C(=O)C(O)N=C(c2ccccc2)c2ccccc21,1.6,experimental,,,outlier_60bb6660349328ec9d8c,exclude_wrong_site_unknown,,[],,2026-09-04T05:08:49.426471+00:00,4.692965299216896,6.292965299216895,06fa8292818d5cbfecebc0565d68b0853f6dd08177079454d347044a92869f4a,2026-09-04T05:40:48.163720+00:00,new_phosphorus_or_alcohol_conjugate_pair_detected,2.0.0
FIXED_chembl26.sdf,6938,Nc1ncnc2c1ncn2CCOCP(=O)(O)O,1.3,experimental,,,outlier_b1dcdde04075d1a5c8b0,exclude_wrong_site_unknown,,[],,2026-09-04T05:08:56.962642+00:00,4.68928932704764,5.98928932704764,06fa8292818d5cbfecebc0565d68b0853f6dd08177079454d347044a92869f4a,2026-09-04T05:40:48.163720+00:00,new_phosphorus_or_alcohol_conjugate_pair_detected,2.0.0
literature_compilation.sdf,1537,CN1C(=O)C(O)N=C(c2ccccc2)c2cc(Cl)ccc21,1.6,experimental,,,outlier_b377ad0c4022dbf33219,exclude_wrong_site_unknown,,[],,2026-09-04T05:09:16.949069+00:00,4.496811733597747,6.096811733597748,06fa8292818d5cbfecebc0565d68b0853f6dd08177079454d347044a92869f4a,2026-09-04T05:40:48.163720+00:00,new_phosphorus_or_alcohol_conjugate_pair_detected,2.0.0
AvLiLuMoVe_testdata.sdf,95,N#Cc1ccc([C@H]2[C@H]3C(O)N(Cc4ccc(F)cc4)C(=O)[C@H]3[C@@H]3CC(F)(F)CN32)cc1,2.0,experimental,,,outlier_aab28597d57b48c6d7bd,exclude_wrong_site_unknown,,[],,2026-09-04T05:12:14.714072+00:00,3.8023650743177946,5.802365074317795,06fa8292818d5cbfecebc0565d68b0853f6dd08177079454d347044a92869f4a,2026-09-04T05:40:48.163720+00:00,new_phosphorus_or_alcohol_conjugate_pair_detected,2.0.0
FIXED_chembl26.sdf,5491,CCCCNP(=O)(O)OCC1OC(n2cc(C)c(=O)[nH]c2=O)CC1N=[N+]=[N-],10.64,experimental,,,outlier_7c65fbb4fd770af7bf9d,exclude_wrong_site_unknown,,[],,2026-09-04T05:17:17.332876+00:00,3.0929595551801,7.547040444819901,06fa8292818d5cbfecebc0565d68b0853f6dd08177079454d347044a92869f4a,2026-09-04T05:40:48.163720+00:00,new_phosphorus_or_alcohol_conjugate_pair_detected,2.0.0
experimental_training_datasets.sdf,4513,NS(=O)(=O)c1cc2c(s1)SC(CC[OH2+])CN2,9.62,experimental,,,outlier_359eacf813468b1fda84,exclude_wrong_site_unknown,,[],,2026-09-04T05:17:48.808613+00:00,3.0599339328847472,6.560066067115252,06fa8292818d5cbfecebc0565d68b0853f6dd08177079454d347044a92869f4a,2026-09-04T06:41:05.527560+00:00,newly_supported_conjugate_pair_detected,2.1.0
experimental_training_datasets.sdf,2818,CS(=O)(=O)c1ccc([C@@H](CC2CCCC2)C(=O)Nc2cnc([C@H]([OH2+])CO)cn2)cc1Cl,11.42,experimental,,,outlier_89d085f7964cfa33cc9d,exclude_wrong_site_unknown,,[],,2026-09-04T06:19:32.189028+00:00,5.308316948712397,6.111683051287603,06fa8292818d5cbfecebc0565d68b0853f6dd08177079454d347044a92869f4a,2026-09-04T06:41:05.527560+00:00,newly_supported_conjugate_pair_detected,2.1.0
literature_compilation.sdf,60,O=C1Nc2ccccc2C(c2ccccc2)=NC1O,1.7,experimental,,,outlier_016a91bad6d9ddb5505b,exclude_wrong_site_unknown,,[],,2026-09-04T06:19:37.146905+00:00,5.141145897612527,6.841145897612528,06fa8292818d5cbfecebc0565d68b0853f6dd08177079454d347044a92869f4a,2026-09-04T06:41:05.527560+00:00,newly_supported_conjugate_pair_detected,2.1.0
literature_compilation.sdf,1537,CN1C(=O)C(O)N=C(c2ccccc2)c2cc(Cl)ccc21,1.6,experimental,,,outlier_b377ad0c4022dbf33219,exclude_wrong_site_unknown,,[],,2026-09-04T06:20:17.149407+00:00,4.496811733597747,6.096811733597748,06fa8292818d5cbfecebc0565d68b0853f6dd08177079454d347044a92869f4a,2026-09-04T06:41:05.527560+00:00,newly_supported_conjugate_pair_detected,2.1.0
AvLiLuMoVe_testdata.sdf,95,N#Cc1ccc([C@H]2[C@H]3C(O)N(Cc4ccc(F)cc4)C(=O)[C@H]3[C@@H]3CC(F)(F)CN32)cc1,2.0,experimental,,,outlier_aab28597d57b48c6d7bd,exclude_wrong_site_unknown,,[],,2026-09-04T06:20:27.525681+00:00,3.8023650743177946,5.802365074317795,06fa8292818d5cbfecebc0565d68b0853f6dd08177079454d347044a92869f4a,2026-09-04T06:41:05.527560+00:00,newly_supported_conjugate_pair_detected,2.1.0
FIXED_chembl26.sdf,5417,C[C@]12CC[C@H]3[C@@H](CCC4=CC(=O)CC[C@@]43C)[C@@H]1CC[C@@H]2O,0.0,experimental,,,outlier_cd72b58a78258167d7f8,unsupported_site,ketone,"[9,10,11,12]",,2026-09-04T06:20:47.082260+00:00,,,functional_group_detector:2.0.0,2026-09-04T06:41:05.527560+00:00,newly_supported_conjugate_pair_detected,2.1.0
experimental_training_datasets.sdf,2732,COc1cccc2c1[C@H](Oc1cc(C(=O)N(C)C)cn3c(C)c(C)nc13)[C@@H](O)C2,6.27,experimental,,,outlier_e33747aa753fdd2fc864,unsupported_site,n-indole,"[1,2,3,4,5,6,7,8,9]",,2026-09-04T06:23:31.263794+00:00,,,functional_group_detector:2.0.0,2026-09-04T06:41:05.527560+00:00,newly_supported_conjugate_pair_detected,2.1.0
experimental_training_datasets.sdf,3973,Cc1nc2c3c(c(C(=O)N(C)C)cn2c1CO)CCC(c1ccccc1)C3,6.32,experimental,,,outlier_78a7917823f865ffc825,unsupported_site,n-indole,"[1,2,3,4,5,6,7,8,9]",,2026-09-04T06:23:41.753903+00:00,,,functional_group_detector:2.0.0,2026-09-04T06:41:05.527560+00:00,newly_supported_conjugate_pair_detected,2.1.0
FIXED_chembl26.sdf,7635,COc1cccc2c1c(NS(=O)(=O)c1ccc(Cl)s1)nn2Cc1cccc(CNC(=O)C(C)(C)O)c1,6.54,experimental,,,outlier_94618f7db891602f39be,unsupported_site,isoNindole,"[2,3,4,5,6,7,8,19,20]",,2026-09-04T06:23:50.379765+00:00,,,functional_group_detector:2.0.0,2026-09-04T06:41:05.527560+00:00,newly_supported_conjugate_pair_detected,2.1.0
experimental_training_datasets.sdf,2735,COc1cccc2c1c(NS(=O)(=O)c1ccc(Cl)s1)nn2Cc1cccc(CNC(=O)C(C)(C)O)c1,6.54,experimental,,,outlier_e6cc84c3eb05b3daa89b,unsupported_site,isoNindole,"[14,15,16,17,18,19,20,21,22]",,2026-09-04T06:23:55.555549+00:00,,,functional_group_detector:2.0.0,2026-09-04T06:41:05.527560+00:00,newly_supported_conjugate_pair_detected,2.1.0
FIXED_chembl26.sdf,458,Cc1nc2c3c(c(C(=O)N4CC(O)C4)cn2c1C)CCC(c1ccccc1)O3,6.63,experimental,,,outlier_fb7700beacc6d8bb2e72,unsupported_site,n-indole,"[1,2,3,4,5,6,14,15,16]",,2026-09-04T06:24:01.444961+00:00,,,functional_group_detector:2.0.0,2026-09-04T06:41:05.527560+00:00,newly_supported_conjugate_pair_detected,2.1.0
experimental_training_datasets.sdf,3977,Cc1nc2c3c(c(C(=O)N4CC(O)C4)cn2c1C)CCC(c1ccccc1)O3,6.63,experimental,,,outlier_03f355afc217dd357bc7,unsupported_site,n-indole,"[1,2,3,4,5,6,7,8,9]",,2026-09-04T06:24:04.974129+00:00,,,functional_group_detector:2.0.0,2026-09-04T06:41:05.527560+00:00,newly_supported_conjugate_pair_detected,2.1.0
FIXED_chembl26.sdf,7624,COc1cccc2c1c(NS(=O)(=O)c1ccc(Cl)c(Cl)c1)nn2Cc1cccc(CNC(=O)C(C)(C)O)c1,6.76,experimental,,,outlier_748254b1ed0b8208e052,unsupported_site,isoNindole,"[2,3,4,5,6,7,8,21,22]",,2026-09-04T06:24:08.103164+00:00,,,functional_group_detector:2.0.0,2026-09-04T06:41:05.527560+00:00,newly_supported_conjugate_pair_detected,2.1.0
experimental_training_datasets.sdf,2738,COc1cccc2c1c(NS(=O)(=O)c1cccc(Cl)c1Cl)nn2Cc1cccc(CNC(=O)C(C)(C)O)c1,6.82,experimental,,,outlier_371148c1e4bb96bfbb16,unsupported_site,isoNindole,"[14,15,16,17,18,19,20,21,22]",,2026-09-04T06:24:25.613592+00:00,,,functional_group_detector:2.0.0,2026-09-04T06:41:05.527560+00:00,newly_supported_conjugate_pair_detected,2.1.0
FIXED_chembl26.sdf,7623,COc1cccc2c1c(NS(=O)(=O)c1cccc(Cl)c1)nn2Cc1cccc(CNC(=O)C(C)(C)O)c1,7.06,experimental,,,outlier_0992e1a2bdc94e12a785,unsupported_site,isoNindole,"[2,3,4,5,6,7,8,20,21]",,2026-09-04T06:24:31.314092+00:00,,,functional_group_detector:2.0.0,2026-09-04T06:41:05.527560+00:00,newly_supported_conjugate_pair_detected,2.1.0
experimental_training_datasets.sdf,2737,COc1cccc2c1c(NS(=O)(=O)c1cccc(Cl)c1)nn2Cc1cccc(CNC(=O)C(C)(C)O)c1,7.06,experimental,,,outlier_fab028a09ce94c101103,unsupported_site,isoNindole,"[14,15,16,17,18,19,20,21,22]",,2026-09-04T06:24:34.475669+00:00,,,functional_group_detector:2.0.0,2026-09-04T06:41:05.527560+00:00,newly_supported_conjugate_pair_detected,2.1.0
experimental_training_datasets.sdf,4481,NNCCO,7.12,experimental,,,outlier_ca8e415e008430d8ded4,exclude_wrong_site_unknown,,[],,2026-09-04T06:25:30.670322+00:00,,,functional_group_detector:2.0.0,2026-09-04T06:41:05.527560+00:00,newly_supported_conjugate_pair_detected,2.1.0
experimental_training_datasets.sdf,577,CC(C)(O)c1ccn2ccnc2c1,7.2,experimental,,,outlier_535648f2a8b02fa684d0,unsupported_site,n-indole,"[3,4,5,6,7,8,9,10,11]",,2026-09-04T06:25:34.977649+00:00,,,functional_group_detector:2.0.0,2026-09-04T06:41:05.527560+00:00,newly_supported_conjugate_pair_detected,2.1.0
experimental_training_datasets.sdf,3990,Cc1nc2c3c(c(C(=O)NCCO)cn2c1C)CCC(c1ccccc1)C3,7.22,experimental,,,outlier_fb11f85205cb7b1692fa,unsupported_site,n-indole,"[1,2,3,4,5,6,7,8,9]",,2026-09-04T06:25:41.029412+00:00,,,functional_group_detector:2.0.0,2026-09-04T06:41:05.527560+00:00,newly_supported_conjugate_pair_detected,2.1.0
FIXED_chembl26.sdf,7621,COc1cccc2c1c(NS(=O)(=O)c1ccc(C)c(F)c1)nn2Cc1cccc(CNC(=O)C(C)(C)O)c1,7.26,experimental,,,outlier_84833050aaec6a1de3ac,unsupported_site,isoNindole,"[2,3,4,5,6,7,8,21,22]",,2026-09-04T06:25:56.009195+00:00,,,functional_group_detector:2.0.0,2026-09-04T06:41:05.527560+00:00,newly_supported_conjugate_pair_detected,2.1.0
experimental_training_datasets.sdf,2733,COc1cccc2c1c(NS(=O)(=O)c1ccc(C)c(F)c1)nn2Cc1cccc(CNC(=O)C(C)(C)O)c1,7.26,experimental,,,outlier_472df81eb51366245fae,unsupported_site,isoNindole,"[12,13,14,15,16,17,18,21,22]",,2026-09-04T06:26:00.981106+00:00,,,functional_group_detector:2.0.0,2026-09-04T06:41:05.527560+00:00,newly_supported_conjugate_pair_detected,2.1.0
experimental_training_datasets.sdf,5599,OCc1[nH]c2cncnc2[nH+]1,8.79,experimental,,,outlier_8d85b0ee08f7bc9efb17,unsupported_site,nn-indazole,"[2,3,4,5,6,7,8,9,10]",,2026-09-04T06:26:35.652036+00:00,,,functional_group_detector:2.0.0,2026-09-04T06:41:05.527560+00:00,newly_supported_conjugate_pair_detected,2.1.0
experimental_training_datasets.sdf,4523,NS(=O)(=O)c1ccc(S(=O)(=O)CC([OH2+])CO)cc1,9.35,experimental,,,outlier_78c0410df2094ee3cd82,exclude_wrong_site_unknown,,[],,2026-09-04T06:27:37.237077+00:00,,,functional_group_detector:2.0.0,2026-09-04T06:41:05.527560+00:00,newly_supported_conjugate_pair_detected,2.1.0
literature_compilation.sdf,143,OCC[SH2+],9.4,experimental,,,outlier_90dcb0315827fa2fb3d9,exclude_wrong_site_unknown,,[],,2026-09-04T06:28:06.293240+00:00,,,functional_group_detector:2.0.0,2026-09-04T06:41:05.527560+00:00,newly_supported_conjugate_pair_detected,2.1.0
novartis_testdata.sdf,97,COc1ccc([NH+]2CCOCC2)c2sc(NC(=O)N3CCC(C)(O)CC3)nc12,9.4,experimental,,,outlier_8307f7e51f456052d531,exclude_wrong_site_unknown,,[],,2026-09-04T06:28:30.012789+00:00,,,functional_group_detector:2.0.0,2026-09-04T06:41:05.527560+00:00,newly_supported_conjugate_pair_detected,2.1.0
experimental_training_datasets.sdf,5569,OCC[SH2+],9.535,experimental,,,outlier_5599cf6d4ef14821d520,exclude_wrong_site_unknown,,[],,2026-09-04T06:28:32.189968+00:00,,,functional_group_detector:2.0.0,2026-09-04T06:41:05.527560+00:00,newly_supported_conjugate_pair_detected,2.1.0
experimental_training_datasets.sdf,3256,CC1=C(Cl)C(=O)C(c2ccc(Oc3ccc(OC(F)(F)F)cc3)cc2)=C(CO)[NH2+]1,9.73,experimental,,,outlier_faf1fc0790910315adf6,exclude_wrong_site_unknown,,[],,2026-09-04T06:28:37.135709+00:00,,,functional_group_detector:2.0.0,2026-09-04T06:41:05.527560+00:00,newly_supported_conjugate_pair_detected,2.1.0
literature_compilation.sdf,89,CC([OH2+])CO,14.9,experimental,,,outlier_01aad4e440a4127825e5,exclude_wrong_site_unknown,,[],,2026-09-04T06:28:50.022475+00:00,,,functional_group_detector:2.0.0,2026-09-04T06:41:05.527560+00:00,newly_supported_conjugate_pair_detected,2.1.0
